state,kw_price,approval_time,city
AL,13.690722891566264,44295.02409638554,AVERAGE
AR,14.868496503496505,44295.02409638554,AVERAGE
AZ,12.922592592592594,29883.363636363636,AVERAGE
CA,13.817176355631677,43448.71428571428,AVERAGE
CO,20.117813238770687,43793.066666666666,AVERAGE
FL,28.831932170542636,25215.650943396227,AVERAGE
HI,12.264488536155202,31143.0,AVERAGE
IL,22.85723484848485,43232.79698082299,AVERAGE
IN,17.1174154589372,,AVERAGE
MD,37.10102083333333,,AVERAGE
MO,13.18787037037037,40123.122724129986,AVERAGE
NC,16.013102742371572,42082.60398042291,AVERAGE
NJ,25.478742424242427,44421.27272727273,AVERAGE
NV,12.8715,42082.60398042291,AVERAGE
OH,25.255886075949366,42082.60398042291,AVERAGE
OK,12.216989247311828,42082.60398042291,AVERAGE
OR,13.33503137254902,42082.60398042291,AVERAGE
TN,22.6,42082.60398042291,AVERAGE
TX,20.997475799086757,42082.60398042291,AVERAGE
VA,23.620698955365622,42082.60398042291,AVERAGE
WA,14.19085394581861,43402.307692307695,AVERAGE
AL,13.690722891566264,44191.11111111111,MOBILE
AR,16.88309523809524,42082.60398042291,CONWAY
AR,24.828444444444447,60694.0,FAYETTEVILLE
AR,13.108238993710692,43880.95,RUSSELLVILLE
AR,9.75,42082.60398042291,"RUSSELLVILLE,"
AZ,12.922592592592594,45117.86046511628,MESA
CA,22.05,42082.60398042291,"A/B, PHELAN"
CA,8.586818181818181,42082.60398042291,ACTON
CA,2.7,42082.60398042291,ADELANTO
CA,14.0,3600.0,ADOBE YORBA LINDA
CA,9.0,40506.09375,"ADU, BONITA"
CA,5.5,42082.60398042291,"ADU, EL CAJON"
CA,3.0,47608.0,"ADU, LAKESIDE"
CA,6.5,31586.939393939392,"ADU, RAMONA"
CA,7.5,42082.60398042291,"ADU, RANCHO SANTA FE"
CA,24.332692307692305,42082.60398042291,AGOURA HILLS
CA,15.582222222222223,42082.60398042291,AGUANGA
CA,19.796666666666663,40391.2,ALAMEDA
CA,7.79,59151.666666666664,ALHAMBRA
CA,10.557613636363637,38760.0,ALISO VIEJO
CA,6.375,42082.60398042291,ALPINE
CA,6.3692635658914725,3371.4285714285716,ALTADENA
CA,28.733333333333334,38710.25,ANAHEIM
CA,13.333333333333334,43670.666666666664,ANGELINA YORBA LINDA
CA,13.5,42082.60398042291,ANGWIN
CA,4.6,42082.60398042291,ANTELOPE
CA,21.469635416666666,48491.38947368421,ANTIOCH
CA,59.76333333333333,42082.60398042291,APPLE VALLEY
CA,7.0975,42082.60398042291,ARBOGA
CA,15.676414141414142,42082.60398042291,ARCADIA
CA,8.997857142857143,42082.60398042291,ARCATA
CA,330.1766666666667,42082.60398042291,AROMAS
CA,3.28,42082.60398042291,ARROW BEAR PK
CA,6.6659999999999995,38313.25,ARROYO GRANDE
CA,5.489999999999999,42082.60398042291,ARTESIA
CA,21.6,42082.60398042291,ATASCADERO
CA,10.985,42082.60398042291,ATHERTON
CA,7.147761904761905,42082.60398042291,AUBURN
CA,6.281666666666666,44887.0,AZUSA
CA,15.198333333333332,26809.0,BANNING
CA,57.36,42082.60398042291,BARSTOW
CA,6.613333333333333,48368.8,BAYSIDE
CA,20.88978947368421,35949.25,BEAUMONT
CA,15.22,45703.75,BENBOW
CA,7.063508771929824,42082.60398042291,BERKELEY
CA,10.56,47683.0,BIG BEAR CITY
CA,5.2,42082.60398042291,BIG LAGOON
CA,3.1833333333333336,42082.60398042291,BLOOMINGTON
CA,5.175,68453.0,BLUE LAKE
CA,9.315,42082.60398042291,BLYTHE
CA,8.510935064935065,42082.60398042291,BOLINAS
CA,10.902564102564101,39684.8336414048,BONITA
CA,24.666666666666668,29097.0,BONSALL
CA,4.5,50416.86956521739,BORREGO SPRINGS
CA,9.946666666666667,47104.5,BROWNS VALLEY
CA,8.91,20978.5,C HANFORD
CA,4.86,42082.60398042291,"C, SANTA MONICA"
CA,8.673,39979.0,CABAZON
CA,19.465,49002.42857142857,CALABASAS
CA,6.41,42082.60398042291,CAMBRIA
CA,15.58,41768.855,"CAMINO SAN CARLOS, JONATA RANCH BOBCAT SPRINGS"
CA,11.002500000000001,42082.60398042291,CAMP FAR WEST
CA,7.0,42082.60398042291,CAMPO
CA,11.6,73240.25,CANARIAS YORBA LINDA
CA,7.31,42082.60398042291,CANYON COUNTRY
CA,10.71,42082.60398042291,CARPINTERIA
CA,11.6,32864.53846153846,CARRETAS YORBA LINDA
CA,11.90916820702403,38375.67796610169,CARSON
CA,7.7,42082.60398042291,"CARSON, CA"
CA,8.878695652173914,37457.5,CASTAIC
CA,13.5,51363.96153846154,CATHEYS VALLEY
CA,3.9899999999999998,42082.60398042291,CAYUCOS
CA,11.5,45426.517857142855,CEDAR GLEN
CA,8.799333333333333,46990.78571428572,CERRITOS
CA,19.563333333333333,38504.5,CHATSWORTH
CA,8.92,42082.60398042291,CHINO
CA,9.457508333333333,42082.60398042291,CHINO HILLS
CA,8.686666666666667,22457.0,CHINO OUTSIDE
CA,85.01793706293707,60155.0,CHULA VISTA
CA,11.959999999999999,33810.0,CLAREMONT
CA,10.738333333333335,46519.375,CLEARLAKE OAKS
CA,14.58,0.0,CLEARLAKE PARK
CA,18.232307692307693,41456.0,CLOVIS
CA,16.3259604519774,42966.71212121212,COALINGA
CA,10.118500000000001,42082.60398042291,COBB
CA,3.24,50158.0,COLTON
CA,4.01224358974359,43011.28571428572,COMPTON
CA,8.638,42082.60398042291,CONCORD
CA,18.52674107142857,38467.25,CORONA
CA,71.74622222222222,48423.0,COVINA
CA,17.28,53003.96978021978,CRESTON
CA,9.72642857142857,35790.0,CULVER CITY
CA,7.4625,46880.333333333336,CUPERTINO
CA,17.325,42082.60398042291,CUTLER
CA,12.76,31247.521806853583,CYPRESS
CA,240.9,42082.60398042291,D CARSON
CA,6.808958333333333,42082.60398042291,DANVILLE
CA,7.733333333333333,42082.60398042291,"DARRAH, MARIPOSA COUNTY"
CA,5.359999999999999,42082.60398042291,DESERT CENTER
CA,12.64128787878788,42837.0,DESERT HOT SPRINGS
CA,9.200508474576273,42082.60398042291,DILLON BEACH
CA,22.5,42082.60398042291,DINUBA
CA,7.856984649122808,42793.875,DIXON
CA,8.659375,39416.4,DOWNEY
CA,5.295,42082.60398042291,DUARTE
CA,5.67,42082.60398042291,DUBIN
CA,9.281738553113552,29469.0,DUBLIN
CA,6.3,42082.60398042291,EARLIMART
CA,8.274193548387096,42082.60398042291,EL CAJON
CA,6.0,42082.60398042291,"EL CERRITO, ORCUTT"
CA,11.077356697819313,42082.60398042291,EL MONTE
CA,9.141333333333332,42082.60398042291,EMERALD HILLS
CA,7.235294117647059,42082.60398042291,ESCONDIDO
CA,6.56,44010.83931357254,"ESMERALDA, ORCUTT"
CA,8.211666666666666,42082.60398042291,EUREKA
CA,8.8645,51611.42857142857,EXETER
CA,5.6,43274.880494505494,"F, OAKLAND"
CA,10.876906976744186,1371.4285714285713,FAIRFAX
CA,28.433928571428567,46163.458598726116,FAIRFIELD
CA,21.009,43065.912280701756,FAIRVIEW
CA,7.72,42082.60398042291,FALLBROOK
CA,24.6,31564.0,FALLON
CA,10.82,28313.214285714286,FARMERSVILLE
CA,7.41,42082.60398042291,FERNDALE
CA,7.717142857142858,42082.60398042291,FIELDBROOK
CA,2.64,47325.89772727273,FINLEY
CA,8.960555555555555,42082.60398042291,FONTANA
CA,7.852826086956522,42354.40476190476,FOREST KNOLLS
CA,13.536666666666667,52035.0,FORTUNA
CA,11.566275611024441,42451.28040540541,FULLERTON
CA,6.075,24375.5,GARBERVILLE
CA,17.97142857142857,56931.0,GARDENA
CA,15.821498626373625,39107.875,GILROY
CA,3.8902380952380953,43084.90426758939,GILROY                   
CA,34.13068565400844,45414.82142857143,GLENDALE
CA,10.365695906432748,42082.60398042291,GLENDORA
CA,4.4,44379.072,GOLETA
CA,9.9,42082.60398042291,GOSHEN
CA,4.131428571428572,42082.60398042291,GOSHEN (VISALIA)
CA,16.596694736842103,42082.60398042291,GRASS VALLEY
CA,8.17795238095238,42082.60398042291,GREENBRAE
CA,6.1878787878787875,42082.60398042291,GROVER BEACH
CA,6.0,42082.60398042291,GUATAY
CA,8.656666666666666,40267.372881355936,HACIENDA HEIGHTS
CA,7.29,42082.60398042291,HANDFORD
CA,8.03263475975976,42082.60398042291,HANFORD
CA,33.975,42082.60398042291,"HANFORD, CA"
CA,7.38,42082.60398042291,HARBOR CITY
CA,7.506875,47792.333333333336,HAWTHORNE
CA,11.816653979238755,42082.60398042291,HAYWARD
CA,11.574688095238095,41034.21428571428,HEALDSBURG
CA,21.61625,49634.333333333336,HELENA
CA,13.77284,33969.61053906723,HEMET
CA,4.075,64921.583333333336,HERMOSA BEACH
CA,140.0,42082.60398042291,HESPERIA
CA,28.36918439716312,42082.60398042291,HIDDEN VALLEY LAKE
CA,12.4,42082.60398042291,HIDDENVALLRY LAKE
CA,106.85538461538462,42082.60398042291,HOL
CA,179.33384615384617,47107.26829268293,HOLLISTER
CA,10.722033898305085,42082.60398042291,HOMELAND
CA,8.1,42082.60398042291,HONEYDEW
CA,4.536,42082.60398042291,"HOUSE, NOVATO"
CA,7.32,50007.875,HUMBOLDT COUNTY
CA,8.435333333333334,44929.25,HUNTINGTON BEACH
CA,4.403333333333333,42082.60398042291,HUNTINGTON PARK
CA,8.144,43176.065217391304,HYDESVILLE
CA,15.232857142857142,41480.988764044945,IDYLLWILD
CA,7.260000000000001,54843.333333333336,INDIAN WELLS
CA,11.979553401978597,27615.0,INDIO
CA,3.589166666666667,45888.693023255815,INGLEWOOD
CA,7.453375,42082.60398042291,INVERNESS
CA,10.0,42082.60398042291,JAMUL
CA,9.065,42082.60398042291,JOSHUA TREE
CA,12.0,29813.88,JULIAN
CA,20.271692708333333,85717.25,JURUPA VALLEY
CA,29.20162551440329,26979.0,KELSEYVILLE
CA,16.34506855791962,42082.60398042291,KENTFIELD
CA,11.226666666666667,42082.60398042291,KNEELAND
CA,9.198125,42082.60398042291,LA CRESCENTA
CA,11.56,40403.375,LA GRANGE
CA,7.25,51645.41176470588,LA MESA
CA,7.871992753623188,55128.5,LA PUENTE
CA,13.821781835205993,70139.0,LA QUINTA
CA,9.540000000000001,46215.333333333336,LA VERNE
CA,13.9575,42688.625,LAGUNA BEACH
CA,12.300249612403102,42082.60398042291,LAGUNA NIGUEL
CA,8.589558823529412,39323.0,LAGUNITAS
CA,18.772,49231.09090909091,LAKE ARROWHEAD
CA,12.0,42082.60398042291,LAKE COUNTY
CA,33.012677777777775,65845.5,LAKE ELSINORE
CA,10.766666666666666,42082.60398042291,LAKE FOREST
CA,10.0,0.0,LAKE HUGHES
CA,4.933333333333334,47895.5,LAKE PILLSBURY
CA,31.718218390804594,42082.60398042291,LAKEPORT
CA,7.111111111111111,46506.70786516854,LAKESIDE
CA,32.170260416666665,46448.125,LANCASTER
CA,5.725882352941177,42082.60398042291,LATHROP
CA,2.625,42082.60398042291,LAWNDALE
CA,350.0,42082.60398042291,LEBEC
CA,9.31111111111111,42082.60398042291,LEMOORE
CA,8.890222222222222,42082.60398042291,LINDA
CA,15.466666666666669,42082.60398042291,LINDA YORBA LINDA
CA,8.17,42082.60398042291,LINDSAY
CA,6.903181818181818,42082.60398042291,LITTLEROCK
CA,12.0,42082.60398042291,LIVERMORE
CA,8.879999999999999,42082.60398042291,LLANO
CA,6.581666666666667,42082.60398042291,LOLETA
CA,6.5,42082.60398042291,LOMA LINDA
CA,6.895,63847.142857142855,LOMITA
CA,6.9094999999999995,42082.60398042291,LOMPOC
CA,6.369662921348314,42082.60398042291,LOS ANGELES
CA,4.5475,47165.86666666667,LOS OSOS
CA,6.88,42082.60398042291,"LOS SOMBRAS, GREENBRAE"
CA,7.505333333333334,42082.60398042291,LOWER LAKE
CA,9.358636363636363,42082.60398042291,LUCERNE
CA,4.95,51343.0,LUCERNE VALLEY
CA,7.0,45056.84,"MAIN, BONITA"
CA,9.0,42082.60398042291,"MAIN, EL CAJON"
CA,23.0,42082.60398042291,"MAIN, ESCONDIDO"
CA,12.5,42082.60398042291,"MAIN, FALLBROOK"
CA,11.0,41608.0,"MAIN, LAKESIDE"
CA,20.0,42082.60398042291,"MAIN, SAN DIEGO"
CA,8.0,0.0,"MAIN, SPRING VALLEY"
CA,7.0,79990.5,"MAIN, VISTA"
CA,12.695238095238095,42082.60398042291,MALIBU
CA,12.51958904109589,59975.0,MANTECA
CA,9.955555555555556,44612.333333333336,MANZANILLO YORBA LINDA
CA,13.871333333333332,44351.166666666664,MARIPOSA
CA,8.553,42082.60398042291,MARSHALL
CA,10.800849056603775,39029.166666666664,MARTINEZ
CA,22.967500000000005,42082.60398042291,MCKINLEYVILLE
CA,155.74,42082.60398042291,MECCA
CA,12.960799999999999,42684.27810650888,MENIFEE
CA,9.886166666666668,42082.60398042291,MENLO PARK
CA,2.792,42082.60398042291,MENTONE
CA,45.758039215686274,49152.75,MIDDLETOWN
CA,14.4,21264.0,MIDPINES
CA,8.697969465648855,47030.10891089109,MILL VALLEY
CA,4.48,42082.60398042291,MISSION VIEJO
CA,9.65,42082.60398042291,MONROVIA
CA,4.4,44593.708333333336,MONTECITO
CA,44.687318840579714,0.0,MONTEREY PARK
CA,12.660555555555556,46754.666666666664,MONTROSE
CA,18.210833333333333,42082.60398042291,MORENO VALLEY
CA,2.44,46593.46666666667,MORONGO VALLEY
CA,28.596666666666664,42082.60398042291,MOUNTAIN CENTER
CA,11.62,42082.60398042291,MOUNTAIN VIEW
CA,7.238571428571428,42082.60398042291,MUIR BEACH
CA,15.693224852071006,48905.25,MURRIETA
CA,10.137272727272729,42082.60398042291,NAPA
CA,3.0,50575.444444444445,NATIONAL CITY
CA,20.542083333333334,42082.60398042291,NEWBURY PARK
CA,4.51,68543.0,NEWHALL
CA,9.96170297029703,42082.60398042291,NEWPORT BEACH
CA,15.613549295774646,41954.666666666664,NICASIO
CA,26.598666666666666,40999.25,NICE
CA,4.378333333333333,42082.60398042291,NIPOMO
CA,4.291666666666667,47511.10526315789,NORTH HIGHLANDS
CA,7.73,45323.936,NORTH PALM SPRINGS
CA,12.253965785381027,43113.04761904762,NOVATO
CA,14.374666666666666,42082.60398042291,NUEVO
CA,8.933333333333334,12020.0,NUYS
CA,22.799999999999997,42330.78846153846,OAK YORBA LINDA
CA,12.09653458755427,43046.294117647056,OAKLAND
CA,5.7875,12844.666666666666,OCEANO
CA,10.106666666666667,45134.51724137931,OLEMA
CA,5.617777777777778,43495.83561643836,OLIVEHURST
CA,5.375,42082.60398042291,ORCUTT
CA,6.0,42082.60398042291,OREGON HOUSE
CA,2.59,42082.60398042291,ORLEANS
CA,6.077777777777778,41952.662215239594,OROSI
CA,9.866666666666667,42082.60398042291,OXNARD
CA,516.0,42832.11111111111,PAICINES
CA,41.46224561403509,42082.60398042291,PALM DESERT
CA,12.403049333333332,42082.60398042291,PALM SPRINGS
CA,8.285651072124757,65778.8,PALMDALE
CA,5.85,25768.545454545456,PALMS
CA,15.18,44940.09090909091,PALOS VERDES PENINSULA
CA,18.829679487179487,42082.60398042291,PASADENA
CA,13.833333333333332,42082.60398042291,PASO ROBLES
CA,5.946666666666666,52575.166666666664,PEARBLOSSOM
CA,33.563879310344824,42082.60398042291,PERRIS
CA,13.263968253968255,42082.60398042291,PETALUMA
CA,5.0995,39509.0,PHELAN
CA,11.666666666666666,42082.60398042291,PINE VALLEY
CA,11.46,42082.60398042291,PINON HILLS
CA,13.736423671118095,53884.8,PLEASANT HILL
CA,9.937567567567568,42082.60398042291,PLEASANTON
CA,9.41,42082.60398042291,PLUMAS LAKE
CA,741.0,43840.25,POINT REYES
CA,10.969770642201834,42082.60398042291,POINT REYES STATION
CA,233.92,42036.97142857143,POMONA
CA,8.647272727272728,24351.5,PORTERVILLE
CA,4.675909090909091,42082.60398042291,PORTOLA HILLS
CA,37.56670542635659,44636.49645390071,PORTOLA VALLEY
CA,15.0,42082.60398042291,POTRERO
CA,8.015,61823.77777777778,POWAY
CA,24.266666666666666,39804.57777777778,"PRECIOSA SUR, SAN DIEGO"
CA,11.866666666666667,5470.578947368421,PRIMARIA YORBA LINDA
CA,14.258333333333333,42082.60398042291,QUINTA
CA,10.266666666666667,42082.60398042291,QUINTA YORBA LINDA
CA,11.0,28375.605744125325,RAMONA
CA,8.910666666666668,42082.60398042291,RANCHO CORDOVA
CA,142.6095581395349,49317.96428571428,RANCHO CUCAMONGA
CA,12.5,42082.60398042291,RANCHO SANTA FE
CA,15.557500000000001,43649.72392638037,REDLANDS
CA,29.239051282051285,42082.60398042291,REDWOOD CITY
CA,8.17347619047619,42082.60398042291,RIALTO
CA,5.33,42082.60398042291,RICHGROVE
CA,16.266666666666666,45476.59793814433,RIOS YORBA LINDA
CA,13.915000000000001,45275.92655367232,RIVERSIDE
CA,14.958,35832.833333333336,ROOF MOUNTED SOLAR
CA,6.12,42082.60398042291,ROSEMEAD
CA,9.079962962962963,42082.60398042291,ROWLAND HEIGHTS
CA,21.5759649122807,43728.068181818184,SACRAMENTO
CA,11.820058252427184,54909.0,SAN ANSELMO
CA,9.968181818181819,42082.60398042291,SAN BERNARDINO
CA,15.134758920800698,0.0,SAN CARLOS
CA,15.582660208643816,42082.60398042291,SAN DIEGO
CA,6.2335119047619045,42082.60398042291,SAN GABRIEL
CA,8.449095238095238,42082.60398042291,SAN GERONIMO
CA,6.25657464212679,46566.583333333336,SAN JACINTO
CA,78.005,46973.333333333336,SAN JOSE
CA,383.29999999999995,42082.60398042291,SAN JUAN BAUTISTA
CA,5.199999999999999,42082.60398042291,SAN LEANDRO
CA,12.411529209621992,42082.60398042291,SAN LUIS OBISPO
CA,13.010016949152543,65921.29629629629,SAN MATEO
CA,4.1,42082.60398042291,SAN MIGUEL
CA,3.98,42082.60398042291,SAN QUENTIN
CA,8.92234748603352,13477.943209876543,SAN RAFAEL
CA,12.892878787878788,57419.0,SAN RAMON
CA,15.84,42082.60398042291,SAN SIMEON
CA,13.866666666666667,42082.60398042291,SANLUCAR YORBA LINDA
CA,10.8,42082.60398042291,SANTA ANA
CA,10.084747706422018,6369.2307692307695,SANTA BARBARA
CA,59.017999999999994,42082.60398042291,SANTA BARBARA UNINCORPORATED
CA,5.52,42082.60398042291,SANTA CLARA
CA,46.583333333333336,16458.0,SANTA CLARITA
CA,6.8133333333333335,42082.60398042291,SANTA MARGARITA
CA,5.3325000000000005,66086.48529411765,SANTA MARIA
CA,7.136425438596492,42082.60398042291,SANTA MONICA
CA,7.58,42082.60398042291,SANTA YNEZ
CA,6.698703703703704,42082.60398042291,SANTEE
CA,6.7289670329670335,27.0,SAUSALITO
CA,7.79,42082.60398042291,"SEACAPE, SAUSALITO"
CA,25.337865843621397,41767.8,SEAL BEACH
CA,5.915,47480.61983471074,SHANDON
CA,3.024,45430.760330578516,"SHED, NOVATO"
CA,15.3,0.0,SILVER LAKES (HELEND
CA,453.66,43081.8,SJB
CA,10.604064102564102,58899.333333333336,SOUTH EL MONTE
CA,41.85,43434.63157894737,SOUTH SAN FRANCISCO
CA,6.153846153846154,40889.71428571428,SPRING VALLEY
CA,3.45,85196.4,SPRINGVILLE
CA,3.52,42082.60398042291,ST HELENA
CA,6.255294117647059,56531.5,STEVENSON RANCH
CA,7.817258620689655,42082.60398042291,STINSON BEACH
CA,8.357738791423003,2527.5,STOCKTON
CA,5.72,70205.8,"STONEFIELD CHASE, SAN DIEGO"
CA,9.84,42082.60398042291,STRATHMORE
CA,10.8,85814.0,SUGARLOAF
CA,12.520999999999999,42082.60398042291,SUN CITY
CA,15.740159779614325,42082.60398042291,SUNNYVALE
CA,22.10683606557377,60827.333333333336,TEMECULA
CA,5.12,54873.0,TEMPLE CITY
CA,8.653333333333332,27786.129032258064,TEMPLETON
CA,331.8288888888889,42082.60398042291,TERRA BELLA
CA,10.59578947368421,42082.60398042291,THOUSAND OAKS
CA,13.231428571428571,42082.60398042291,THOUSAND PALMS
CA,13.512,42082.60398042291,THREE RIVERS
CA,11.40179120879121,42082.60398042291,TIBURON
CA,16.32,42082.60398042291,TIPTON
CA,10.353529411764708,44488.0,TOMALES
CA,9.895,36884.4,TOPANGA
CA,2.9019999999999997,42082.60398042291,TORRANCE
CA,4.08,42082.60398042291,"TORRE, SAN DIEGO"
CA,8.172777777777778,51184.25,TRABUCO CANYON
CA,7.5225,42082.60398042291,TRINIDAD
CA,14.4,42082.60398042291,TROVADOR YORBA LINDA
CA,9.073333333333332,42082.60398042291,TULARE
CA,9.333333333333334,25237.0,UNPERMITTED HANFORD
CA,8.421447721179625,35961.205128205125,UPLAND
CA,11.47371794871795,40833.0,UPPER LAKE
CA,12.298519607843138,42082.60398042291,VACAVILLE
CA,8.233,42082.60398042291,VALLEJO
CA,9.0,43901.42105263158,VALLEY CENTER
CA,3.5533333333333332,44012.43773584906,VANDENBERG VILLAGE
CA,12.0,34346.0,VECINO
CA,7.74147619047619,50903.846153846156,VICTORVILLE
CA,13.016,45337.88333333333,VISALIA
CA,13.333333333333334,42082.60398042291,VISTA
CA,15.166988039521582,44793.95217391304,WALCR
CA,15.203333333333333,42082.60398042291,WALNUT
CA,9.334090909090909,42082.60398042291,WALNUT CREEK
CA,6.0,42082.60398042291,WARNER SPRINGS
CA,300.0,14850.0,WEST COVINA
CA,5.46,42082.60398042291,WEST HILLS
CA,55.61924786324787,42082.60398042291,WEST HOLLYWOOD
CA,7.04,42082.60398042291,WEST LINDA
CA,10.053999999999998,45088.49253731343,WEST SACRAMENTO
CA,8.645,42082.60398042291,WESTHAVEN
CA,11.546666666666667,42082.60398042291,WESTLAKE VILLAGE
CA,11.757679245283018,47747.66197183099,WESTMINSTER
CA,4.0,47747.66197183099,WHEATLAND
CA,16.174692307692307,47747.66197183099,WHITE WATER
CA,14.60925,47747.66197183099,WHITTIER
CA,8.198,47747.66197183099,WILLOW CREEK
CA,14.385847826086955,47747.66197183099,WINCHESTER
CA,13.860555555555557,49497.84593023256,WINTERS
CA,4.0,52683.47775066798,WITTER SPRINGS
CA,9.989769230769232,40245.5,WOODACRE
CA,10.66,66233.77611940299,WOODLAKE
CA,60.48329457364341,52683.47775066798,WOODSIDE
CA,3.8,52683.47775066798,YERMO
CA,14.290944123314066,52683.47775066798,YORBA LINDA
CA,18.505771144278608,52683.47775066798,YUCAIPA
CA,20.25,45940.92134831461,YUCCA MESA
CA,10.94,46495.61111111111,YUCCA VALLEY
CO,8.05,52683.47775066798,ALLENSPARK
CO,30.402555555555555,52683.47775066798,BOULDER
CO,8.469920634920635,42453.75,LONE TREE
CO,3.9,52683.47775066798,TREE
CO,8.42,52683.47775066798,UNINCORPORATED
FL,23.657863247863247,50746.721649484534,BEVERLY HILLS
FL,6.5,52683.47775066798,BROOKSVILLE
FL,10.731592039800995,52683.47775066798,CAPE CORAL
FL,31.301222222222226,52683.47775066798,CITRUS SPRINGS
FL,13.423125,52683.47775066798,CRYSTAL RIVER
FL,24.04625,52683.47775066798,DADE CITY
FL,11.745,52683.47775066798,DAVENPORT
FL,18.355112359550564,52683.47775066798,DELTONA
FL,10.764259259259259,52683.47775066798,DORAL
FL,48.45481481481481,52683.47775066798,DUNNELLON
FL,8.786416666666666,66619.0,FLORAL CITY
FL,7.1875,52683.47775066798,FORT MYERS
FL,13.6,46482.739130434784,HAINES CITY
FL,27.6386858974359,45169.02173913043,HERNANDO
FL,13.857972508591066,52683.47775066798,HIALEAH
FL,14.517142857142858,45903.21428571428,HOLIDAY
FL,14.202420634920635,47449.8,HOMOSASSA
FL,21.064444444444444,52683.47775066798,HUDSON
FL,16.0,64184.0,INGLIS
FL,10.713333333333333,48621.198198198195,INVERNESS
FL,5.634285714285714,52683.47775066798,KISSIMMEE
FL,48.0,52683.47775066798,LAKELAND
FL,19.376458333333336,52683.47775066798,LAND O LAKES
FL,24.226296296296297,47104.0,LECANTO
FL,13.53,86268.0,LEHIGH ACRES
FL,16.03,52683.47775066798,LUTZ
FL,21.432028985507248,47092.25,MARCO ISLAND
FL,12.769710144927535,61795.25,MIRAMAR
FL,18.331315789473685,52683.47775066798,NEW PORT RICHEY
FL,13.804642857142856,52683.47775066798,NEW SMYRNA BEACH
FL,22.166444444444444,46952.973544973545,OB
FL,20.4375,46836.94054054054,ODESSA
FL,8.799999999999999,54880.0,OSTEEN
FL,119.41225225225226,47740.0,PEMBROKE PINES
FL,16.62666666666667,46593.86363636364,PORT RICHEY
FL,18.995,47859.170731707316,SAINT CLOUD
FL,8.7,44272.0,SAN ANTONIO
FL,31.64941176470588,45516.565217391304,SANIBEL
FL,13.928333333333333,45638.608695652176,SPRING HILL
FL,25.0,45972.907692307694,STUART
FL,18.457622549019607,40206.25,SUNRISE
FL,9.65,34817.026726057906,TREASURE ISLAND
FL,18.6540625,36588.135416666664,WESLEY CHAPEL
FL,15.466153846153846,34918.19512195122,ZEPHYRHILLS
HI,12.290423423423425,40496.0,HI
HI,5.74,32763.488095238095,PALM
HI,5.33,37275.833333333336,PUNI MAUKA
IL,20.057967479674797,33828.20074100927,COLUMBIA
IL,20.0,33828.20074100927,CROWN POINT
IL,25.414347826086956,29545.0,PALATINE
IN,17.001564102564103,33828.20074100927,CROWN POINT
IN,19.0,33828.20074100927,"CROWN POINT,"
MD,40.22895833333333,36322.5,ABERDEEN
MD,49.396341463414636,33828.20074100927,ABINGDON
MD,17.013333333333332,33828.20074100927,BALDWIN
MD,16.031011904761904,34412.818181818184,BEL AIR
MD,13.623333333333335,33828.20074100927,BELCAMP
MD,38.03,33828.20074100927,BOONSBORO
MD,28.0,33828.20074100927,BROWNSVILLE
MD,11.7275,33828.20074100927,CHURCHVILLE
MD,54.0,34363.10526315789,CLEAR SPRING
MD,12.487254901960783,33828.20074100927,COLUMBIA
MD,11.2075,34820.24137931035,DARLINGTON
MD,22.36,33828.20074100927,DAYTON
MD,630.5,33828.20074100927,DETOUR
MD,11.114333333333335,33828.20074100927,EDGEWOOD
MD,82.92952991452991,33828.20074100927,ELDERSBURG
MD,9.611875,33828.20074100927,ELKRIDGE
MD,16.81921568627451,33828.20074100927,ELLICOTT CITY
MD,42.48,35686.873239436616,FAIRPLAY
MD,19.026842105263157,33828.20074100927,FALLSTON
MD,17.724031746031745,32614.866666666665,FINKSBURG
MD,40.00413793103448,33828.20074100927,FOREST HILL
MD,24.0,36563.307692307695,FULTON
MD,60.0,33828.20074100927,GLENELG
MD,21.405,33828.20074100927,GLENWOOD
MD,119.921,33828.20074100927,HAGERSTOWN
MD,47.22214912280702,33828.20074100927,HAMPSTEAD
MD,13.9,33828.20074100927,HANOVER
MD,49.39823943661972,33828.20074100927,HAVRE DE GRACE
MD,20.61,33828.20074100927,HIGHLAND
MD,27.36466666666667,33828.20074100927,JARRETTSVILLE
MD,9.62,33828.20074100927,JESSUP
MD,10.605128205128207,33828.20074100927,JOPPA
MD,8.35,33932.22222222222,KEYMAR
MD,11.48,33828.20074100927,KNOXVILLE
MD,9.009722222222221,33828.20074100927,LAUREL
MD,12.147549019607842,33828.20074100927,MANCHESTER
MD,17.733333333333334,28172.0,MARRIOTTSVILLE
MD,11.243555555555556,33828.20074100927,MOUNT AIRY
MD,12.876,33828.20074100927,MT. AIRY
MD,49.955555555555556,33828.20074100927,MT.AIRY
MD,44.67460317460317,33828.20074100927,NEW WINDSOR
MD,19.33333333333333,33828.20074100927,NEW WINDSOR PIKE
MD,13.906666666666666,26736.0,PYLESVILLE
MD,6.88,28880.0,REISTERSTOWN
MD,6.3,33828.20074100927,SHARPSBURG
MD,24.51,43488.291666666664,SMITHSBURG
MD,17.0,82769.0,STREET
MD,50.07017676767677,17153.0,SYKESVILLE
MD,13.026470588235293,21354.0,TANEYTOWN
MD,128.74,25542.0,UNION BRIDGE
MD,18.4,43422.066666666666,UPPERCO
MD,32.728382413087935,40625.75,WESTMINSTER
MD,13.719999999999999,44896.11666666667,WHITE HALL
MD,15.575,2571.0,WHITEFORD
MD,17.384814814814813,46566.347037484884,WOODBINE
MO,8.0,48640.8,"APT 1207, KANSAS CITY"
MO,10.0,54959.25,"APT 1209, KANSAS CITY"
MO,8.0,45509.78947368421,"APT 1803, KANSAS CITY"
MO,8.0,45500.65217391304,APT 211 KANSAS CITY
MO,10.563422222222222,46552.833333333336,COL
MO,18.566666666666666,49902.90909090909,COLUMBIA
MO,16.4755,49077.54124565804,KANSAS CITY
MO,10.0,49077.54124565804,UNIT 901-C1 KANSAS CITY
NC,10.548,49077.54124565804,AUTRYVILLE
NC,5.833333333333333,43534.0,CARRBORO
NC,9.533333333333333,46407.125,CARY
NC,6.239130434782608,50086.0,CB
NC,7.333333333333333,60713.666666666664,CH
NC,17.918181818181818,51961.46666666667,CHAPEL HILL
NC,41.883913043478266,50285.53289473684,CHARLOTTE
NC,30.81,57830.5,CORNELIUS
NC,133.93,49525.57142857143,DAVIDSON
NC,22.0,51656.02803738318,DUNN
NC,32.266666666666666,49077.54124565804,EASTOVER
NC,18.0,45398.916666666664,FAL
NC,13.955555555555556,56998.0,FALCON
NC,12.154666666666666,48138.357142857145,FAY
NC,20.651201754385966,49077.54124565804,FAYETTEVILLE
NC,21.32,49077.54124565804,GODWIN
NC,9.095238095238095,42082.68995633188,HM
NC,15.680965732087227,44135.5,HOPE MILLS
NC,469.2,48030.0,HUNTERSVILLE
NC,7.833333333333333,54232.142857142855,KB
NC,10.0,51104.0,LIN
NC,13.799880952380951,48421.0,LINDEN
NC,51.38,46532.21428571428,MATTHEWS
NC,21.552142857142854,42635.0,MECKLENBURG
NC,15.947285298398835,52981.25,MORRISVILLE
NC,18.0,54625.0,PARKTON
NC,7.505,42239.818181818184,ROSEBORO
NC,7.847142857142857,44217.417721518985,SPRING LAKE
NC,24.0,37164.490909090906,ST PAULS
NC,26.0,37164.490909090906,STD
NC,16.206309523809523,42692.357541899444,STEDMAN
NC,10.0,42692.357541899444,STP
NC,11.1825,42692.357541899444,WADE
NC,21.0,47712.958333333336,WAKE FOREST
NC,8.363636363636363,47947.67733918128,WB
NC,7.983628691983123,47947.67733918128,WM
NJ,25.478742424242427,47947.67733918128,JERSEY CITY
NV,11.82608938547486,47947.67733918128,HENDERSON
NV,200.0,47947.67733918128,RENO
OH,16.53846153846154,47947.67733918128,COLUMBUS
OH,22.0,48668.6,HAMILTON TWP
OH,22.0,47461.47368421053,MADISON TWP
OH,22.0,,MARBLE CLIFF
OH,26.0,,PERRY TWP
OH,10.0,,PRAIRIE TWP
OH,14.807999999999998,,WORTHINGTON
OH,34.60881578947368,37186.96296296296,WORTHINGTON 
OK,12.204862236628848,43028.77596578967,OKLAHOMA CITY
OK,12.0,43028.77596578967,THE VILLAGE
OK,16.066666666666666,43028.77596578967,WARR ACRES
OR,6.20712962962963,58055.0,ALBANY
OR,11.754999999999999,43028.77596578967,AURORA
OR,16.688888888888886,43028.77596578967,BEAVERCREEK
OR,8.8,43028.77596578967,BEAVERTON
OR,9.220625,43028.77596578967,BORING
OR,13.9,43028.77596578967,CANBY
OR,8.891,43028.77596578967,CLACKAMAS
OR,17.776,43028.77596578967,COLTON
OR,11.663,43028.77596578967,DAMASCUS
OR,12.68,43028.77596578967,EAGLE CREEK
OR,13.186666666666667,43028.77596578967,ESTACADA
OR,7.9825,43028.77596578967,GLADSTONE
OR,8.997307692307693,43028.77596578967,HAPPY VALLEY
OR,11.6,43028.77596578967,HUBBARD
OR,15.170000000000002,43028.77596578967,LAKE OSWEGO
OR,9.24,43028.77596578967,LINN
OR,9.628876404494383,43028.77596578967,MILWAUKIE
OR,54.7096,43028.77596578967,MOLALLA
OR,20.875714285714285,43028.77596578967,MULINO
OR,11.92108108108108,40267.42857142857,OREGON CITY
OR,9.602916666666667,36605.71232876712,PORTLAND
OR,16.141111111111112,43028.77596578967,SANDY
OR,10.835833333333333,43028.77596578967,SHERWOOD
OR,9.25917808219178,43028.77596578967,TIGARD
OR,12.67,43028.77596578967,TUALATIN
OR,10.93,34653.0,WELCHES
OR,16.3125,34653.0,WEST LINN
OR,25.71,41657.720704845815,WILSONVILLE
TN,22.6,47967.3125,GALLATIN
TX,17.87,49312.62501487576,BAYTOWN
TX,7.333333333333333,49312.62501487576,BLACK CITY OF SAN ANTONIO
TX,95.856,49312.62501487576,BRENHAM
TX,8.876190476190477,45269.583333333336,CITY OF SAN ANTONIO
TX,20.448333333333334,40572.666666666664,COLLEYVILLE
TX,16.084444444444447,49312.62501487576,COUNTY
TX,26.125357142857144,49312.62501487576,DALLAS
TX,7.466666666666666,37921.0,DAY CITY OF SAN ANTONIO
TX,13.3,55733.81967213115,DEL RI O
TX,26.830081967213115,51867.06896551724,DEL RIO
TX,11.375632183908046,38108.5,DEL RIO 
TX,10.870000000000001,49384.43636363636,DEL RIO  
TX,13.063121212121212,86367.0,DESOTO
TX,4.8,41798.28571428572,DL RIO
TX,17.642857142857142,47155.0,EDINBURG
TX,18.583212560386475,46660.857142857145,GPR
TX,10.981714285714286,20268.162962962964,HURST
TX,26.916203703703705,50363.64864864865,KATY
TX,22.62189189189189,41304.76315789474,LA PORTE
TX,16.198070175438595,42859.72727272727,LAKEWAY
TX,28.254545454545454,58143.35,LEAGUE CITY
TX,33.62275,49312.62501487576,LUBBOCK
TX,60.0,45951.00900900901,MCALLEN
TX,18.552072072072075,49312.62501487576,MCKINNEY
TX,8.666666666666666,49312.62501487576,PARK CITY OF SAN ANTONIO
TX,17.65061678004535,56214.0,PHARR
TX,26.0,44435.46913580247,PROSPER
TX,18.39175925925926,73684.0,SEGUIN
TX,26.0,49312.62501487576,SOUTHLAKE
TX,38.4,45178.03846153846,ST MARYS ST CITY OF SAN ANTONIO
TX,54.07692307692308,74637.58064516129,SUGAR LAND
TX,20.47451612903226,42867.77077363897,VICTORIA
VA,59.12229166666667,32027.03125,CHARLOTTESVILLE
VA,15.0,12299.0,COVESVILLE
VA,15.903846153846153,36578.46153846154,CROZET
VA,22.0,75259.5,EARLYSVILLE
VA,124.68,44932.16380500589,FAIRFAX
VA,24.0,65592.0,GREENWOOD
VA,23.0,55340.6,KESWICK
VA,27.0,47899.0,NORTH GARDEN
VA,19.42505882352941,43798.77162629758,RICHMOND
VA,11.0,23032.0,SCHUYLER
VA,22.0,59559.666666666664,SCOTTSVILLE
WA,186.835,41532.661016949154,BELLINGHAM
WA,42.6,41901.25,BLAINE
WA,9.0,53463.0,"CLUBHOUSE, SPOKANE"
WA,9.24,40333.16344742828,CUSTER
WA,20.0,42276.0,EVERSON
WA,19.58,33544.0,FERNDALE
WA,48.0,36493.0,LYNDEN
WA,30.0,29262.0,POINT ROBERTS
WA,15.459999999999999,49114.0,SEQUIM
WA,17.2275,30299.0,SHELTON
WA,10.060714285714287,46933.125,SNOHOMISH
WA,7.460615615615615,38846.76190476191,SPOKANE
AVERAGE,24.388945715674264,40333.16344742828,AVERAGE
